well,scored_rows,fold,splitter
000d7d20,3836,1,"GroupKFold(n_splits=5, weight=scored_rows)"
00bbac68,6014,4,"GroupKFold(n_splits=5, weight=scored_rows)"
00e12e8b,4301,4,"GroupKFold(n_splits=5, weight=scored_rows)"
015fe0d2,4296,1,"GroupKFold(n_splits=5, weight=scored_rows)"
01869cd4,5557,1,"GroupKFold(n_splits=5, weight=scored_rows)"
01982c1d,3941,4,"GroupKFold(n_splits=5, weight=scored_rows)"
028d7b28,6234,5,"GroupKFold(n_splits=5, weight=scored_rows)"
02e7fe5a,5108,5,"GroupKFold(n_splits=5, weight=scored_rows)"
0390d174,4411,2,"GroupKFold(n_splits=5, weight=scored_rows)"
03a935ae,2786,1,"GroupKFold(n_splits=5, weight=scored_rows)"
044af7d1,4519,2,"GroupKFold(n_splits=5, weight=scored_rows)"
0498acab,4798,1,"GroupKFold(n_splits=5, weight=scored_rows)"
052d64df,2445,2,"GroupKFold(n_splits=5, weight=scored_rows)"
05948241,3879,5,"GroupKFold(n_splits=5, weight=scored_rows)"
059c8f24,6258,2,"GroupKFold(n_splits=5, weight=scored_rows)"
05a0ee4d,4348,4,"GroupKFold(n_splits=5, weight=scored_rows)"
060ab2b8,6258,5,"GroupKFold(n_splits=5, weight=scored_rows)"
06df5958,3509,1,"GroupKFold(n_splits=5, weight=scored_rows)"
071d7b45,3211,5,"GroupKFold(n_splits=5, weight=scored_rows)"
0849b4e2,5537,3,"GroupKFold(n_splits=5, weight=scored_rows)"
084d66f9,3885,4,"GroupKFold(n_splits=5, weight=scored_rows)"
08fecf00,5574,3,"GroupKFold(n_splits=5, weight=scored_rows)"
09053135,5907,3,"GroupKFold(n_splits=5, weight=scored_rows)"
09441b8d,5488,3,"GroupKFold(n_splits=5, weight=scored_rows)"
0955cd6c,5195,4,"GroupKFold(n_splits=5, weight=scored_rows)"
09ec2ca9,5885,1,"GroupKFold(n_splits=5, weight=scored_rows)"
0a57a29c,5821,4,"GroupKFold(n_splits=5, weight=scored_rows)"
0bbf5e67,4298,5,"GroupKFold(n_splits=5, weight=scored_rows)"
0be01c24,4738,2,"GroupKFold(n_splits=5, weight=scored_rows)"
0c1b160c,5054,3,"GroupKFold(n_splits=5, weight=scored_rows)"
0d99f8e4,5823,3,"GroupKFold(n_splits=5, weight=scored_rows)"
0dc5e64d,4879,5,"GroupKFold(n_splits=5, weight=scored_rows)"
0dc835f3,4428,3,"GroupKFold(n_splits=5, weight=scored_rows)"
0dd99dc5,7342,5,"GroupKFold(n_splits=5, weight=scored_rows)"
0e5e560d,3253,5,"GroupKFold(n_splits=5, weight=scored_rows)"
109d9d70,4215,5,"GroupKFold(n_splits=5, weight=scored_rows)"
10a1281a,5609,4,"GroupKFold(n_splits=5, weight=scored_rows)"
10b89021,5414,1,"GroupKFold(n_splits=5, weight=scored_rows)"
10be2420,3271,3,"GroupKFold(n_splits=5, weight=scored_rows)"
113011eb,3272,5,"GroupKFold(n_splits=5, weight=scored_rows)"
1131525f,4159,4,"GroupKFold(n_splits=5, weight=scored_rows)"
11d0f5ac,4883,3,"GroupKFold(n_splits=5, weight=scored_rows)"
12203f2a,3261,2,"GroupKFold(n_splits=5, weight=scored_rows)"
122bd617,4570,5,"GroupKFold(n_splits=5, weight=scored_rows)"
125be846,6510,3,"GroupKFold(n_splits=5, weight=scored_rows)"
1285a37b,5597,5,"GroupKFold(n_splits=5, weight=scored_rows)"
1295a25b,5551,4,"GroupKFold(n_splits=5, weight=scored_rows)"
12f0cd90,5947,4,"GroupKFold(n_splits=5, weight=scored_rows)"
137d1e44,4554,2,"GroupKFold(n_splits=5, weight=scored_rows)"
13ce113d,2966,1,"GroupKFold(n_splits=5, weight=scored_rows)"
13f598d9,7306,3,"GroupKFold(n_splits=5, weight=scored_rows)"
14a53cb3,6919,2,"GroupKFold(n_splits=5, weight=scored_rows)"
14ab73fb,3649,5,"GroupKFold(n_splits=5, weight=scored_rows)"
14ad5efb,5842,4,"GroupKFold(n_splits=5, weight=scored_rows)"
14fee784,4910,4,"GroupKFold(n_splits=5, weight=scored_rows)"
153552f5,4695,5,"GroupKFold(n_splits=5, weight=scored_rows)"
1550491d,4563,3,"GroupKFold(n_splits=5, weight=scored_rows)"
155887bb,5585,4,"GroupKFold(n_splits=5, weight=scored_rows)"
1590af81,3799,5,"GroupKFold(n_splits=5, weight=scored_rows)"
15e154a1,6068,1,"GroupKFold(n_splits=5, weight=scored_rows)"
1619e2ca,4443,2,"GroupKFold(n_splits=5, weight=scored_rows)"
16e4a047,4131,4,"GroupKFold(n_splits=5, weight=scored_rows)"
173ed841,4883,1,"GroupKFold(n_splits=5, weight=scored_rows)"
1770d7c6,7240,5,"GroupKFold(n_splits=5, weight=scored_rows)"
177622d7,3154,4,"GroupKFold(n_splits=5, weight=scored_rows)"
18d24f7b,4558,3,"GroupKFold(n_splits=5, weight=scored_rows)"
19137a89,6267,3,"GroupKFold(n_splits=5, weight=scored_rows)"
1944513c,4722,3,"GroupKFold(n_splits=5, weight=scored_rows)"
197f8a5a,6310,5,"GroupKFold(n_splits=5, weight=scored_rows)"
19871e7f,5293,3,"GroupKFold(n_splits=5, weight=scored_rows)"
198a5607,6251,4,"GroupKFold(n_splits=5, weight=scored_rows)"
19fb4f7b,5620,2,"GroupKFold(n_splits=5, weight=scored_rows)"
1a518997,4606,2,"GroupKFold(n_splits=5, weight=scored_rows)"
1a68190b,4474,4,"GroupKFold(n_splits=5, weight=scored_rows)"
1a730ac2,4605,4,"GroupKFold(n_splits=5, weight=scored_rows)"
1aaf1da0,4804,2,"GroupKFold(n_splits=5, weight=scored_rows)"
1b08ed48,5618,1,"GroupKFold(n_splits=5, weight=scored_rows)"
1b1c5372,4261,3,"GroupKFold(n_splits=5, weight=scored_rows)"
1b1eba53,4655,1,"GroupKFold(n_splits=5, weight=scored_rows)"
1b6ba517,6597,4,"GroupKFold(n_splits=5, weight=scored_rows)"
1b82b665,3806,4,"GroupKFold(n_splits=5, weight=scored_rows)"
1bcb2fcf,4524,3,"GroupKFold(n_splits=5, weight=scored_rows)"
1beca81d,5036,1,"GroupKFold(n_splits=5, weight=scored_rows)"
1d3fbf02,2694,5,"GroupKFold(n_splits=5, weight=scored_rows)"
1d78281a,4949,3,"GroupKFold(n_splits=5, weight=scored_rows)"
1e30dedf,4071,3,"GroupKFold(n_splits=5, weight=scored_rows)"
1e5e3573,5480,4,"GroupKFold(n_splits=5, weight=scored_rows)"
1f9afacb,5328,3,"GroupKFold(n_splits=5, weight=scored_rows)"
1fdbba44,4911,5,"GroupKFold(n_splits=5, weight=scored_rows)"
1fee2b62,4641,5,"GroupKFold(n_splits=5, weight=scored_rows)"
20096916,5133,4,"GroupKFold(n_splits=5, weight=scored_rows)"
200d233d,3926,4,"GroupKFold(n_splits=5, weight=scored_rows)"
201661b5,5955,2,"GroupKFold(n_splits=5, weight=scored_rows)"
203721ab,5730,1,"GroupKFold(n_splits=5, weight=scored_rows)"
20402d71,6372,3,"GroupKFold(n_splits=5, weight=scored_rows)"
2043abc5,6958,3,"GroupKFold(n_splits=5, weight=scored_rows)"
204cc64b,4805,5,"GroupKFold(n_splits=5, weight=scored_rows)"
206b6193,6535,2,"GroupKFold(n_splits=5, weight=scored_rows)"
2075c696,3188,4,"GroupKFold(n_splits=5, weight=scored_rows)"
22c5f93f,5172,2,"GroupKFold(n_splits=5, weight=scored_rows)"
230eaaa3,4690,4,"GroupKFold(n_splits=5, weight=scored_rows)"
2364716c,4316,4,"GroupKFold(n_splits=5, weight=scored_rows)"
23b9beb0,7340,3,"GroupKFold(n_splits=5, weight=scored_rows)"
24d8997e,3442,3,"GroupKFold(n_splits=5, weight=scored_rows)"
25050f63,6124,4,"GroupKFold(n_splits=5, weight=scored_rows)"
25939962,4319,5,"GroupKFold(n_splits=5, weight=scored_rows)"
25fd32b3,2885,3,"GroupKFold(n_splits=5, weight=scored_rows)"
261785ee,3646,3,"GroupKFold(n_splits=5, weight=scored_rows)"
264feceb,5665,1,"GroupKFold(n_splits=5, weight=scored_rows)"
26623a50,5735,4,"GroupKFold(n_splits=5, weight=scored_rows)"
26d3a96a,4721,4,"GroupKFold(n_splits=5, weight=scored_rows)"
272abef3,4135,3,"GroupKFold(n_splits=5, weight=scored_rows)"
27300fd5,5467,3,"GroupKFold(n_splits=5, weight=scored_rows)"
276b012a,4837,2,"GroupKFold(n_splits=5, weight=scored_rows)"
27c3155b,4958,5,"GroupKFold(n_splits=5, weight=scored_rows)"
27ebb9b9,5766,4,"GroupKFold(n_splits=5, weight=scored_rows)"
283269ac,2626,4,"GroupKFold(n_splits=5, weight=scored_rows)"
28473855,4290,4,"GroupKFold(n_splits=5, weight=scored_rows)"
28f4eda9,5266,1,"GroupKFold(n_splits=5, weight=scored_rows)"
29b24409,5587,1,"GroupKFold(n_splits=5, weight=scored_rows)"
29de15c8,3431,5,"GroupKFold(n_splits=5, weight=scored_rows)"
2ab29395,1852,2,"GroupKFold(n_splits=5, weight=scored_rows)"
2ac7cb6b,4990,3,"GroupKFold(n_splits=5, weight=scored_rows)"
2acc78d4,4266,5,"GroupKFold(n_splits=5, weight=scored_rows)"
2b034622,5203,2,"GroupKFold(n_splits=5, weight=scored_rows)"
2b06ad65,4256,1,"GroupKFold(n_splits=5, weight=scored_rows)"
2b547943,3480,5,"GroupKFold(n_splits=5, weight=scored_rows)"
2be5c96a,4210,4,"GroupKFold(n_splits=5, weight=scored_rows)"
2bff06cf,7624,3,"GroupKFold(n_splits=5, weight=scored_rows)"
2c0c4a4e,4790,5,"GroupKFold(n_splits=5, weight=scored_rows)"
2cee0cba,5500,1,"GroupKFold(n_splits=5, weight=scored_rows)"
2d0c268a,4550,5,"GroupKFold(n_splits=5, weight=scored_rows)"
2d179ded,7008,2,"GroupKFold(n_splits=5, weight=scored_rows)"
2d196986,6474,5,"GroupKFold(n_splits=5, weight=scored_rows)"
2d2d0c6b,5045,5,"GroupKFold(n_splits=5, weight=scored_rows)"
2d35f86d,4896,2,"GroupKFold(n_splits=5, weight=scored_rows)"
2d9f6cb9,7338,2,"GroupKFold(n_splits=5, weight=scored_rows)"
2ddad940,5331,2,"GroupKFold(n_splits=5, weight=scored_rows)"
2e29e833,5428,3,"GroupKFold(n_splits=5, weight=scored_rows)"
2e43c2ea,5698,3,"GroupKFold(n_splits=5, weight=scored_rows)"
2e63d9de,4699,2,"GroupKFold(n_splits=5, weight=scored_rows)"
2ee0235b,5556,1,"GroupKFold(n_splits=5, weight=scored_rows)"
2f19d536,3088,1,"GroupKFold(n_splits=5, weight=scored_rows)"
2f8e53c3,2594,2,"GroupKFold(n_splits=5, weight=scored_rows)"
2fa01aa6,2174,5,"GroupKFold(n_splits=5, weight=scored_rows)"
2fd68f7b,4730,5,"GroupKFold(n_splits=5, weight=scored_rows)"
2fe023be,4221,2,"GroupKFold(n_splits=5, weight=scored_rows)"
30d75030,3404,2,"GroupKFold(n_splits=5, weight=scored_rows)"
310c71a5,5245,2,"GroupKFold(n_splits=5, weight=scored_rows)"
32fe84c9,6408,5,"GroupKFold(n_splits=5, weight=scored_rows)"
33c40295,4169,5,"GroupKFold(n_splits=5, weight=scored_rows)"
3407f5bf,3638,2,"GroupKFold(n_splits=5, weight=scored_rows)"
3417285d,5449,1,"GroupKFold(n_splits=5, weight=scored_rows)"
347242c8,3595,4,"GroupKFold(n_splits=5, weight=scored_rows)"
353e5502,6062,5,"GroupKFold(n_splits=5, weight=scored_rows)"
357c12f9,4079,3,"GroupKFold(n_splits=5, weight=scored_rows)"
3584a6eb,4494,1,"GroupKFold(n_splits=5, weight=scored_rows)"
35b30c7f,9579,4,"GroupKFold(n_splits=5, weight=scored_rows)"
35b3ef6a,3904,5,"GroupKFold(n_splits=5, weight=scored_rows)"
367456ce,5569,3,"GroupKFold(n_splits=5, weight=scored_rows)"
368131f9,4991,2,"GroupKFold(n_splits=5, weight=scored_rows)"
368fe682,4936,1,"GroupKFold(n_splits=5, weight=scored_rows)"
3690a146,4073,1,"GroupKFold(n_splits=5, weight=scored_rows)"
37344c2a,5197,3,"GroupKFold(n_splits=5, weight=scored_rows)"
373ef48b,3509,1,"GroupKFold(n_splits=5, weight=scored_rows)"
374be387,9965,3,"GroupKFold(n_splits=5, weight=scored_rows)"
37d36812,4367,2,"GroupKFold(n_splits=5, weight=scored_rows)"
38991fd4,4798,4,"GroupKFold(n_splits=5, weight=scored_rows)"
389ae58f,6463,4,"GroupKFold(n_splits=5, weight=scored_rows)"
3932faa6,5452,4,"GroupKFold(n_splits=5, weight=scored_rows)"
398dce4b,3166,5,"GroupKFold(n_splits=5, weight=scored_rows)"
39b51819,4231,1,"GroupKFold(n_splits=5, weight=scored_rows)"
3a0af893,2927,4,"GroupKFold(n_splits=5, weight=scored_rows)"
3a223519,4583,1,"GroupKFold(n_splits=5, weight=scored_rows)"
3a7dd95d,3072,1,"GroupKFold(n_splits=5, weight=scored_rows)"
3a824aa7,4201,2,"GroupKFold(n_splits=5, weight=scored_rows)"
3a86fe8d,5118,1,"GroupKFold(n_splits=5, weight=scored_rows)"
3aaa2b30,4711,5,"GroupKFold(n_splits=5, weight=scored_rows)"
3ac16ad0,5649,2,"GroupKFold(n_splits=5, weight=scored_rows)"
3b21ea64,7376,1,"GroupKFold(n_splits=5, weight=scored_rows)"
3bbe1f5d,6918,4,"GroupKFold(n_splits=5, weight=scored_rows)"
3bfee975,3603,1,"GroupKFold(n_splits=5, weight=scored_rows)"
3c3dbcbc,5069,1,"GroupKFold(n_splits=5, weight=scored_rows)"
3d96d897,5659,4,"GroupKFold(n_splits=5, weight=scored_rows)"
3df4b19e,4988,2,"GroupKFold(n_splits=5, weight=scored_rows)"
3e011332,2723,3,"GroupKFold(n_splits=5, weight=scored_rows)"
3e678ea7,6858,3,"GroupKFold(n_splits=5, weight=scored_rows)"
3ef6372a,4727,2,"GroupKFold(n_splits=5, weight=scored_rows)"
3ef98781,3892,1,"GroupKFold(n_splits=5, weight=scored_rows)"
3f603129,5051,2,"GroupKFold(n_splits=5, weight=scored_rows)"
404c4384,911,4,"GroupKFold(n_splits=5, weight=scored_rows)"
4121c517,3723,1,"GroupKFold(n_splits=5, weight=scored_rows)"
41fb0192,2973,1,"GroupKFold(n_splits=5, weight=scored_rows)"
42669188,4282,2,"GroupKFold(n_splits=5, weight=scored_rows)"
42c538a1,3279,2,"GroupKFold(n_splits=5, weight=scored_rows)"
43b06c70,4846,2,"GroupKFold(n_splits=5, weight=scored_rows)"
43c7f85a,5978,1,"GroupKFold(n_splits=5, weight=scored_rows)"
43e16325,3720,3,"GroupKFold(n_splits=5, weight=scored_rows)"
44441e54,4357,3,"GroupKFold(n_splits=5, weight=scored_rows)"
445af6c2,6041,3,"GroupKFold(n_splits=5, weight=scored_rows)"
4463446c,3256,4,"GroupKFold(n_splits=5, weight=scored_rows)"
44a94013,4903,3,"GroupKFold(n_splits=5, weight=scored_rows)"
45fb3e21,3649,4,"GroupKFold(n_splits=5, weight=scored_rows)"
460f859e,3336,4,"GroupKFold(n_splits=5, weight=scored_rows)"
4630ab92,3373,5,"GroupKFold(n_splits=5, weight=scored_rows)"
463c38f2,4460,5,"GroupKFold(n_splits=5, weight=scored_rows)"
4654e7de,5373,1,"GroupKFold(n_splits=5, weight=scored_rows)"
466fc788,6197,3,"GroupKFold(n_splits=5, weight=scored_rows)"
46a301e9,8226,2,"GroupKFold(n_splits=5, weight=scored_rows)"
46a7190b,4215,3,"GroupKFold(n_splits=5, weight=scored_rows)"
46d24a09,4449,2,"GroupKFold(n_splits=5, weight=scored_rows)"
46d41ff6,7901,1,"GroupKFold(n_splits=5, weight=scored_rows)"
46dfcfca,3606,4,"GroupKFold(n_splits=5, weight=scored_rows)"
47222616,4406,5,"GroupKFold(n_splits=5, weight=scored_rows)"
47ee27ab,6397,4,"GroupKFold(n_splits=5, weight=scored_rows)"
481de5fc,5952,1,"GroupKFold(n_splits=5, weight=scored_rows)"
48c1f673,2917,1,"GroupKFold(n_splits=5, weight=scored_rows)"
4936af16,3991,5,"GroupKFold(n_splits=5, weight=scored_rows)"
493b5b31,4671,3,"GroupKFold(n_splits=5, weight=scored_rows)"
49dbc14c,3872,1,"GroupKFold(n_splits=5, weight=scored_rows)"
4a035ec2,2588,4,"GroupKFold(n_splits=5, weight=scored_rows)"
4a335117,5015,3,"GroupKFold(n_splits=5, weight=scored_rows)"
4a8ecc0b,5809,2,"GroupKFold(n_splits=5, weight=scored_rows)"
4b462989,3106,5,"GroupKFold(n_splits=5, weight=scored_rows)"
4b831d20,7312,4,"GroupKFold(n_splits=5, weight=scored_rows)"
4c2208f5,5384,3,"GroupKFold(n_splits=5, weight=scored_rows)"
4c3168cf,4334,3,"GroupKFold(n_splits=5, weight=scored_rows)"
4c3df468,5392,5,"GroupKFold(n_splits=5, weight=scored_rows)"
4caa7289,5396,3,"GroupKFold(n_splits=5, weight=scored_rows)"
4cd1ac61,4489,3,"GroupKFold(n_splits=5, weight=scored_rows)"
4cecf7b3,6019,1,"GroupKFold(n_splits=5, weight=scored_rows)"
4ddde4c1,4472,2,"GroupKFold(n_splits=5, weight=scored_rows)"
4e050c92,3705,2,"GroupKFold(n_splits=5, weight=scored_rows)"
4ed93db6,4657,2,"GroupKFold(n_splits=5, weight=scored_rows)"
4f3eb9e9,4697,3,"GroupKFold(n_splits=5, weight=scored_rows)"
4f4ac5ce,5162,5,"GroupKFold(n_splits=5, weight=scored_rows)"
4f4afcc6,5645,5,"GroupKFold(n_splits=5, weight=scored_rows)"
4f69febf,5460,2,"GroupKFold(n_splits=5, weight=scored_rows)"
4fbe9c06,6287,2,"GroupKFold(n_splits=5, weight=scored_rows)"
504c8b08,6367,1,"GroupKFold(n_splits=5, weight=scored_rows)"
511e1db0,3821,2,"GroupKFold(n_splits=5, weight=scored_rows)"
512943b2,5029,3,"GroupKFold(n_splits=5, weight=scored_rows)"
5138a660,3559,4,"GroupKFold(n_splits=5, weight=scored_rows)"
516088b7,6645,5,"GroupKFold(n_splits=5, weight=scored_rows)"
521a7819,5200,5,"GroupKFold(n_splits=5, weight=scored_rows)"
5254b6db,3274,4,"GroupKFold(n_splits=5, weight=scored_rows)"
529e88ca,3417,2,"GroupKFold(n_splits=5, weight=scored_rows)"
52f1e77a,4442,1,"GroupKFold(n_splits=5, weight=scored_rows)"
5305524b,4898,5,"GroupKFold(n_splits=5, weight=scored_rows)"
53134831,5126,5,"GroupKFold(n_splits=5, weight=scored_rows)"
5397ceb1,5255,1,"GroupKFold(n_splits=5, weight=scored_rows)"
53f23031,8550,1,"GroupKFold(n_splits=5, weight=scored_rows)"
543198e8,6503,1,"GroupKFold(n_splits=5, weight=scored_rows)"
54753541,4026,1,"GroupKFold(n_splits=5, weight=scored_rows)"
54a7e3c2,6155,2,"GroupKFold(n_splits=5, weight=scored_rows)"
5542c301,3591,3,"GroupKFold(n_splits=5, weight=scored_rows)"
5567d551,6889,5,"GroupKFold(n_splits=5, weight=scored_rows)"
55efee7f,4801,4,"GroupKFold(n_splits=5, weight=scored_rows)"
5663b2b7,4972,5,"GroupKFold(n_splits=5, weight=scored_rows)"
5693dde2,3488,2,"GroupKFold(n_splits=5, weight=scored_rows)"
56b00794,6065,2,"GroupKFold(n_splits=5, weight=scored_rows)"
57796579,5890,5,"GroupKFold(n_splits=5, weight=scored_rows)"
577eec7c,4539,2,"GroupKFold(n_splits=5, weight=scored_rows)"
57f05c51,4771,2,"GroupKFold(n_splits=5, weight=scored_rows)"
58850d2c,4995,1,"GroupKFold(n_splits=5, weight=scored_rows)"
58fa8486,4475,1,"GroupKFold(n_splits=5, weight=scored_rows)"
591cc951,4609,2,"GroupKFold(n_splits=5, weight=scored_rows)"
593876b6,4842,1,"GroupKFold(n_splits=5, weight=scored_rows)"
59f8b2e8,3747,2,"GroupKFold(n_splits=5, weight=scored_rows)"
5a1a8fd8,5260,5,"GroupKFold(n_splits=5, weight=scored_rows)"
5a5269a9,6513,2,"GroupKFold(n_splits=5, weight=scored_rows)"
5a5d1982,3894,3,"GroupKFold(n_splits=5, weight=scored_rows)"
5a63b5d1,6217,2,"GroupKFold(n_splits=5, weight=scored_rows)"
5aa03df7,4871,2,"GroupKFold(n_splits=5, weight=scored_rows)"
5aa403d0,3118,2,"GroupKFold(n_splits=5, weight=scored_rows)"
5aef5c6c,3121,3,"GroupKFold(n_splits=5, weight=scored_rows)"
5b7b6324,6564,5,"GroupKFold(n_splits=5, weight=scored_rows)"
5bd25f59,4210,3,"GroupKFold(n_splits=5, weight=scored_rows)"
5beded95,3057,3,"GroupKFold(n_splits=5, weight=scored_rows)"
5cb483ac,3852,2,"GroupKFold(n_splits=5, weight=scored_rows)"
5cdd8dbc,4010,1,"GroupKFold(n_splits=5, weight=scored_rows)"
5d11dfb5,5895,2,"GroupKFold(n_splits=5, weight=scored_rows)"
5d7198fd,3368,3,"GroupKFold(n_splits=5, weight=scored_rows)"
5def1ce5,6443,3,"GroupKFold(n_splits=5, weight=scored_rows)"
5eae34a8,4904,1,"GroupKFold(n_splits=5, weight=scored_rows)"
5f4d2a52,5225,4,"GroupKFold(n_splits=5, weight=scored_rows)"
5f6756c5,5931,3,"GroupKFold(n_splits=5, weight=scored_rows)"
5f75f796,5562,2,"GroupKFold(n_splits=5, weight=scored_rows)"
5fb1c15f,2860,2,"GroupKFold(n_splits=5, weight=scored_rows)"
5fffa282,4201,5,"GroupKFold(n_splits=5, weight=scored_rows)"
60e37807,2699,3,"GroupKFold(n_splits=5, weight=scored_rows)"
61f27424,6220,1,"GroupKFold(n_splits=5, weight=scored_rows)"
62569ae3,3588,5,"GroupKFold(n_splits=5, weight=scored_rows)"
62a6f539,3693,4,"GroupKFold(n_splits=5, weight=scored_rows)"
633774dc,6233,4,"GroupKFold(n_splits=5, weight=scored_rows)"
63559d57,4069,4,"GroupKFold(n_splits=5, weight=scored_rows)"
647f2a41,3881,3,"GroupKFold(n_splits=5, weight=scored_rows)"
65156b96,3221,3,"GroupKFold(n_splits=5, weight=scored_rows)"
653612bc,4605,3,"GroupKFold(n_splits=5, weight=scored_rows)"
656a067b,3051,4,"GroupKFold(n_splits=5, weight=scored_rows)"
65a5466a,4683,2,"GroupKFold(n_splits=5, weight=scored_rows)"
660d9546,4732,3,"GroupKFold(n_splits=5, weight=scored_rows)"
6767c111,6783,1,"GroupKFold(n_splits=5, weight=scored_rows)"
67847288,7429,5,"GroupKFold(n_splits=5, weight=scored_rows)"
67a8da4a,4911,5,"GroupKFold(n_splits=5, weight=scored_rows)"
684a6fc1,9818,5,"GroupKFold(n_splits=5, weight=scored_rows)"
698930d1,4741,2,"GroupKFold(n_splits=5, weight=scored_rows)"
699ea575,4120,1,"GroupKFold(n_splits=5, weight=scored_rows)"
69c1bdad,2714,5,"GroupKFold(n_splits=5, weight=scored_rows)"
69e41fa6,5772,1,"GroupKFold(n_splits=5, weight=scored_rows)"
6a0ff78e,6465,4,"GroupKFold(n_splits=5, weight=scored_rows)"
6a8fa194,3017,3,"GroupKFold(n_splits=5, weight=scored_rows)"
6ae68655,4204,2,"GroupKFold(n_splits=5, weight=scored_rows)"
6d1d74e1,5830,1,"GroupKFold(n_splits=5, weight=scored_rows)"
6d590e26,6096,5,"GroupKFold(n_splits=5, weight=scored_rows)"
6d6d93af,3595,2,"GroupKFold(n_splits=5, weight=scored_rows)"
6dbe4b60,4648,4,"GroupKFold(n_splits=5, weight=scored_rows)"
6e6d122c,5632,3,"GroupKFold(n_splits=5, weight=scored_rows)"
6e9ccd38,8282,3,"GroupKFold(n_splits=5, weight=scored_rows)"
6ea22614,5971,3,"GroupKFold(n_splits=5, weight=scored_rows)"
6ede926a,4938,2,"GroupKFold(n_splits=5, weight=scored_rows)"
708caea9,6548,3,"GroupKFold(n_splits=5, weight=scored_rows)"
70925e23,5947,5,"GroupKFold(n_splits=5, weight=scored_rows)"
70e1788b,9285,3,"GroupKFold(n_splits=5, weight=scored_rows)"
71642c7d,4648,3,"GroupKFold(n_splits=5, weight=scored_rows)"
71ccf778,2698,1,"GroupKFold(n_splits=5, weight=scored_rows)"
7224331b,6063,1,"GroupKFold(n_splits=5, weight=scored_rows)"
722cf0d8,5143,3,"GroupKFold(n_splits=5, weight=scored_rows)"
7256229b,5415,4,"GroupKFold(n_splits=5, weight=scored_rows)"
726f3dc2,6723,3,"GroupKFold(n_splits=5, weight=scored_rows)"
7271dd80,4340,2,"GroupKFold(n_splits=5, weight=scored_rows)"
727a3a10,4397,3,"GroupKFold(n_splits=5, weight=scored_rows)"
729665c0,4263,4,"GroupKFold(n_splits=5, weight=scored_rows)"
729e9750,5919,1,"GroupKFold(n_splits=5, weight=scored_rows)"
729f4217,6195,4,"GroupKFold(n_splits=5, weight=scored_rows)"
72dd8501,5193,5,"GroupKFold(n_splits=5, weight=scored_rows)"
73348914,4221,4,"GroupKFold(n_splits=5, weight=scored_rows)"
739a914f,5505,1,"GroupKFold(n_splits=5, weight=scored_rows)"
73b1447d,5670,2,"GroupKFold(n_splits=5, weight=scored_rows)"
74b6186b,3405,1,"GroupKFold(n_splits=5, weight=scored_rows)"
75c20ec7,5361,1,"GroupKFold(n_splits=5, weight=scored_rows)"
75cd5f11,4946,3,"GroupKFold(n_splits=5, weight=scored_rows)"
75d20a82,5067,4,"GroupKFold(n_splits=5, weight=scored_rows)"
76201745,4448,4,"GroupKFold(n_splits=5, weight=scored_rows)"
764072a5,2949,5,"GroupKFold(n_splits=5, weight=scored_rows)"
77b0d905,4174,3,"GroupKFold(n_splits=5, weight=scored_rows)"
77e4821c,5393,2,"GroupKFold(n_splits=5, weight=scored_rows)"
7850c72e,5497,2,"GroupKFold(n_splits=5, weight=scored_rows)"
78a4a386,5119,2,"GroupKFold(n_splits=5, weight=scored_rows)"
79507629,5302,5,"GroupKFold(n_splits=5, weight=scored_rows)"
796dbd4c,6248,3,"GroupKFold(n_splits=5, weight=scored_rows)"
7987f2f2,3705,5,"GroupKFold(n_splits=5, weight=scored_rows)"
7993a768,5487,1,"GroupKFold(n_splits=5, weight=scored_rows)"
7a5660b0,4998,5,"GroupKFold(n_splits=5, weight=scored_rows)"
7acda2df,3091,3,"GroupKFold(n_splits=5, weight=scored_rows)"
7b2c7b3c,2584,2,"GroupKFold(n_splits=5, weight=scored_rows)"
7b38844c,3749,4,"GroupKFold(n_splits=5, weight=scored_rows)"
7bb17b96,3922,2,"GroupKFold(n_splits=5, weight=scored_rows)"
7c607683,5328,5,"GroupKFold(n_splits=5, weight=scored_rows)"
7cbbd047,5121,4,"GroupKFold(n_splits=5, weight=scored_rows)"
7cd4bb31,6439,1,"GroupKFold(n_splits=5, weight=scored_rows)"
7d50373e,5122,3,"GroupKFold(n_splits=5, weight=scored_rows)"
7d57c75d,4405,1,"GroupKFold(n_splits=5, weight=scored_rows)"
7e208414,4226,2,"GroupKFold(n_splits=5, weight=scored_rows)"
7e721392,6174,4,"GroupKFold(n_splits=5, weight=scored_rows)"
7ff89f8f,7337,1,"GroupKFold(n_splits=5, weight=scored_rows)"
8050c789,3077,4,"GroupKFold(n_splits=5, weight=scored_rows)"
807f0298,3747,3,"GroupKFold(n_splits=5, weight=scored_rows)"
811f52b3,4836,4,"GroupKFold(n_splits=5, weight=scored_rows)"
81bf5923,4543,4,"GroupKFold(n_splits=5, weight=scored_rows)"
81fc01c6,5909,4,"GroupKFold(n_splits=5, weight=scored_rows)"
8255c867,3589,2,"GroupKFold(n_splits=5, weight=scored_rows)"
82aab6d2,6140,1,"GroupKFold(n_splits=5, weight=scored_rows)"
82fcf37c,6014,3,"GroupKFold(n_splits=5, weight=scored_rows)"
833af382,3628,1,"GroupKFold(n_splits=5, weight=scored_rows)"
8382f4b6,4967,2,"GroupKFold(n_splits=5, weight=scored_rows)"
84633df4,4972,4,"GroupKFold(n_splits=5, weight=scored_rows)"
8478df29,4857,3,"GroupKFold(n_splits=5, weight=scored_rows)"
84815d5a,3647,5,"GroupKFold(n_splits=5, weight=scored_rows)"
84c3b497,5312,2,"GroupKFold(n_splits=5, weight=scored_rows)"
85380836,6618,1,"GroupKFold(n_splits=5, weight=scored_rows)"
8612b37f,5165,1,"GroupKFold(n_splits=5, weight=scored_rows)"
861e71df,4700,1,"GroupKFold(n_splits=5, weight=scored_rows)"
86454a6f,7964,5,"GroupKFold(n_splits=5, weight=scored_rows)"
8648abae,4244,5,"GroupKFold(n_splits=5, weight=scored_rows)"
865033f8,3557,5,"GroupKFold(n_splits=5, weight=scored_rows)"
87695469,7003,1,"GroupKFold(n_splits=5, weight=scored_rows)"
877ed19c,3708,2,"GroupKFold(n_splits=5, weight=scored_rows)"
87aa3730,5607,2,"GroupKFold(n_splits=5, weight=scored_rows)"
884ecb5f,6724,4,"GroupKFold(n_splits=5, weight=scored_rows)"
8902c3f6,4959,4,"GroupKFold(n_splits=5, weight=scored_rows)"
896d15b9,4279,2,"GroupKFold(n_splits=5, weight=scored_rows)"
8995c945,6724,1,"GroupKFold(n_splits=5, weight=scored_rows)"
89969c7a,4947,2,"GroupKFold(n_splits=5, weight=scored_rows)"
89f1085d,5994,5,"GroupKFold(n_splits=5, weight=scored_rows)"
89f36adf,5292,4,"GroupKFold(n_splits=5, weight=scored_rows)"
89fdb2f2,2031,3,"GroupKFold(n_splits=5, weight=scored_rows)"
8a3da6d1,4593,5,"GroupKFold(n_splits=5, weight=scored_rows)"
8a89da23,3935,2,"GroupKFold(n_splits=5, weight=scored_rows)"
8a9c8932,4663,4,"GroupKFold(n_splits=5, weight=scored_rows)"
8ac2f237,5319,1,"GroupKFold(n_splits=5, weight=scored_rows)"
8b12bab6,5234,2,"GroupKFold(n_splits=5, weight=scored_rows)"
8b5be31b,5672,5,"GroupKFold(n_splits=5, weight=scored_rows)"
8b95d6d1,1731,1,"GroupKFold(n_splits=5, weight=scored_rows)"
8b9d8326,6163,2,"GroupKFold(n_splits=5, weight=scored_rows)"
8bb9c1e6,4546,1,"GroupKFold(n_splits=5, weight=scored_rows)"
8bda1a11,5981,1,"GroupKFold(n_splits=5, weight=scored_rows)"
8bfa881d,4089,1,"GroupKFold(n_splits=5, weight=scored_rows)"
8c167025,5368,4,"GroupKFold(n_splits=5, weight=scored_rows)"
8c8348e8,3888,2,"GroupKFold(n_splits=5, weight=scored_rows)"
8cc21f01,4044,5,"GroupKFold(n_splits=5, weight=scored_rows)"
8cc800b3,6576,3,"GroupKFold(n_splits=5, weight=scored_rows)"
8d5d46d7,5755,5,"GroupKFold(n_splits=5, weight=scored_rows)"
8d92cb49,3589,1,"GroupKFold(n_splits=5, weight=scored_rows)"
8f201368,6349,4,"GroupKFold(n_splits=5, weight=scored_rows)"
90386ee4,3840,2,"GroupKFold(n_splits=5, weight=scored_rows)"
91abc4c7,5848,4,"GroupKFold(n_splits=5, weight=scored_rows)"
91b301ce,6570,4,"GroupKFold(n_splits=5, weight=scored_rows)"
91db7070,4073,2,"GroupKFold(n_splits=5, weight=scored_rows)"
925a7cd1,4517,5,"GroupKFold(n_splits=5, weight=scored_rows)"
9283ae69,3371,4,"GroupKFold(n_splits=5, weight=scored_rows)"
9298ad5b,3964,1,"GroupKFold(n_splits=5, weight=scored_rows)"
9314ff13,2748,4,"GroupKFold(n_splits=5, weight=scored_rows)"
93209a3d,4697,1,"GroupKFold(n_splits=5, weight=scored_rows)"
939d9c34,5101,3,"GroupKFold(n_splits=5, weight=scored_rows)"
93f5d2e6,3691,2,"GroupKFold(n_splits=5, weight=scored_rows)"
940a48d9,3963,1,"GroupKFold(n_splits=5, weight=scored_rows)"
940e709a,3348,5,"GroupKFold(n_splits=5, weight=scored_rows)"
9426ec1e,2532,5,"GroupKFold(n_splits=5, weight=scored_rows)"
94467f50,3035,5,"GroupKFold(n_splits=5, weight=scored_rows)"
944f36b9,4630,5,"GroupKFold(n_splits=5, weight=scored_rows)"
94d813a4,4847,5,"GroupKFold(n_splits=5, weight=scored_rows)"
95b559e7,2887,2,"GroupKFold(n_splits=5, weight=scored_rows)"
95c8427f,6335,2,"GroupKFold(n_splits=5, weight=scored_rows)"
96936c22,3346,3,"GroupKFold(n_splits=5, weight=scored_rows)"
96ae5806,9839,4,"GroupKFold(n_splits=5, weight=scored_rows)"
96b7eea1,4332,5,"GroupKFold(n_splits=5, weight=scored_rows)"
9719aa04,4871,4,"GroupKFold(n_splits=5, weight=scored_rows)"
974802e7,5843,3,"GroupKFold(n_splits=5, weight=scored_rows)"
97cd5bf9,3449,4,"GroupKFold(n_splits=5, weight=scored_rows)"
98177ced,4772,5,"GroupKFold(n_splits=5, weight=scored_rows)"
9896fc0b,3595,3,"GroupKFold(n_splits=5, weight=scored_rows)"
98bc6f66,6063,4,"GroupKFold(n_splits=5, weight=scored_rows)"
992c99e8,4904,2,"GroupKFold(n_splits=5, weight=scored_rows)"
992ce078,2879,5,"GroupKFold(n_splits=5, weight=scored_rows)"
99529c45,5840,2,"GroupKFold(n_splits=5, weight=scored_rows)"
995ff498,4526,1,"GroupKFold(n_splits=5, weight=scored_rows)"
999daf80,3564,3,"GroupKFold(n_splits=5, weight=scored_rows)"
9a6b0392,4255,4,"GroupKFold(n_splits=5, weight=scored_rows)"
9a8ae0d6,6294,3,"GroupKFold(n_splits=5, weight=scored_rows)"
9a95e33f,6447,5,"GroupKFold(n_splits=5, weight=scored_rows)"
9ab94eeb,4442,5,"GroupKFold(n_splits=5, weight=scored_rows)"
9ad5410a,4205,1,"GroupKFold(n_splits=5, weight=scored_rows)"
9ae248be,5271,2,"GroupKFold(n_splits=5, weight=scored_rows)"
9af1ffd0,3525,3,"GroupKFold(n_splits=5, weight=scored_rows)"
9b5b61c1,5532,2,"GroupKFold(n_splits=5, weight=scored_rows)"
9b9e3b49,5118,5,"GroupKFold(n_splits=5, weight=scored_rows)"
9bd2bba3,7439,4,"GroupKFold(n_splits=5, weight=scored_rows)"
9c211c53,7265,4,"GroupKFold(n_splits=5, weight=scored_rows)"
9c350a6a,6052,3,"GroupKFold(n_splits=5, weight=scored_rows)"
9c8375f7,3674,3,"GroupKFold(n_splits=5, weight=scored_rows)"
9d072e4c,5107,2,"GroupKFold(n_splits=5, weight=scored_rows)"
9d3ec64c,3480,3,"GroupKFold(n_splits=5, weight=scored_rows)"
9d4272e3,4030,3,"GroupKFold(n_splits=5, weight=scored_rows)"
9d5e14d4,5400,1,"GroupKFold(n_splits=5, weight=scored_rows)"
9da441ba,5783,2,"GroupKFold(n_splits=5, weight=scored_rows)"
9dede370,6297,5,"GroupKFold(n_splits=5, weight=scored_rows)"
9def2eb2,6003,3,"GroupKFold(n_splits=5, weight=scored_rows)"
9df1b1f9,4701,2,"GroupKFold(n_splits=5, weight=scored_rows)"
9dfff011,4319,2,"GroupKFold(n_splits=5, weight=scored_rows)"
9e3e364d,4290,5,"GroupKFold(n_splits=5, weight=scored_rows)"
9efc812e,4450,3,"GroupKFold(n_splits=5, weight=scored_rows)"
9f0c7bae,2542,3,"GroupKFold(n_splits=5, weight=scored_rows)"
9ffce529,5212,3,"GroupKFold(n_splits=5, weight=scored_rows)"
a0383629,5832,5,"GroupKFold(n_splits=5, weight=scored_rows)"
a056d01e,6557,1,"GroupKFold(n_splits=5, weight=scored_rows)"
a08d9e63,3685,1,"GroupKFold(n_splits=5, weight=scored_rows)"
a0b83014,5035,5,"GroupKFold(n_splits=5, weight=scored_rows)"
a0e92ed6,4897,4,"GroupKFold(n_splits=5, weight=scored_rows)"
a15bc102,3236,3,"GroupKFold(n_splits=5, weight=scored_rows)"
a247e7cf,5674,3,"GroupKFold(n_splits=5, weight=scored_rows)"
a2e8e7f6,4760,5,"GroupKFold(n_splits=5, weight=scored_rows)"
a3518960,4967,4,"GroupKFold(n_splits=5, weight=scored_rows)"
a3f71395,5543,2,"GroupKFold(n_splits=5, weight=scored_rows)"
a4719920,5884,1,"GroupKFold(n_splits=5, weight=scored_rows)"
a48640d9,4532,1,"GroupKFold(n_splits=5, weight=scored_rows)"
a4cdbb0f,5204,3,"GroupKFold(n_splits=5, weight=scored_rows)"
a4f989c2,5385,5,"GroupKFold(n_splits=5, weight=scored_rows)"
a5aa7973,4616,4,"GroupKFold(n_splits=5, weight=scored_rows)"
a5e6f7dc,5649,3,"GroupKFold(n_splits=5, weight=scored_rows)"
a612d5a0,5329,2,"GroupKFold(n_splits=5, weight=scored_rows)"
a622ce4d,6298,4,"GroupKFold(n_splits=5, weight=scored_rows)"
a645da9a,5153,4,"GroupKFold(n_splits=5, weight=scored_rows)"
a692b17e,3566,2,"GroupKFold(n_splits=5, weight=scored_rows)"
a6b8ac67,5453,3,"GroupKFold(n_splits=5, weight=scored_rows)"
a6ed2eff,5275,3,"GroupKFold(n_splits=5, weight=scored_rows)"
a6f967fb,4670,4,"GroupKFold(n_splits=5, weight=scored_rows)"
a76db406,4672,5,"GroupKFold(n_splits=5, weight=scored_rows)"
a7744f5b,4377,5,"GroupKFold(n_splits=5, weight=scored_rows)"
a783cc24,1889,4,"GroupKFold(n_splits=5, weight=scored_rows)"
a79fd2e7,4404,4,"GroupKFold(n_splits=5, weight=scored_rows)"
a7fc3e6b,4764,3,"GroupKFold(n_splits=5, weight=scored_rows)"
a85bb86f,3099,2,"GroupKFold(n_splits=5, weight=scored_rows)"
a85e4bc3,4581,1,"GroupKFold(n_splits=5, weight=scored_rows)"
a87433c9,5721,1,"GroupKFold(n_splits=5, weight=scored_rows)"
a8ed028a,5538,3,"GroupKFold(n_splits=5, weight=scored_rows)"
a959858c,4404,5,"GroupKFold(n_splits=5, weight=scored_rows)"
a9c9b150,3986,2,"GroupKFold(n_splits=5, weight=scored_rows)"
aa95015b,4300,2,"GroupKFold(n_splits=5, weight=scored_rows)"
aaaf3c03,2997,4,"GroupKFold(n_splits=5, weight=scored_rows)"
aaeffccb,2712,2,"GroupKFold(n_splits=5, weight=scored_rows)"
ab112491,5185,1,"GroupKFold(n_splits=5, weight=scored_rows)"
ab18d3fc,5694,4,"GroupKFold(n_splits=5, weight=scored_rows)"
ab3ced07,4250,5,"GroupKFold(n_splits=5, weight=scored_rows)"
ab6fe95d,5491,5,"GroupKFold(n_splits=5, weight=scored_rows)"
ab94878e,6004,2,"GroupKFold(n_splits=5, weight=scored_rows)"
abf460d2,3217,2,"GroupKFold(n_splits=5, weight=scored_rows)"
ac6f01d5,5004,4,"GroupKFold(n_splits=5, weight=scored_rows)"
ad2133a8,5729,3,"GroupKFold(n_splits=5, weight=scored_rows)"
add9c322,3932,5,"GroupKFold(n_splits=5, weight=scored_rows)"
ae069086,4770,4,"GroupKFold(n_splits=5, weight=scored_rows)"
ae0784a8,7823,2,"GroupKFold(n_splits=5, weight=scored_rows)"
ae35f33a,4450,4,"GroupKFold(n_splits=5, weight=scored_rows)"
ae8959c3,4518,4,"GroupKFold(n_splits=5, weight=scored_rows)"
aed44918,2719,1,"GroupKFold(n_splits=5, weight=scored_rows)"
aee6393a,5865,2,"GroupKFold(n_splits=5, weight=scored_rows)"
af7a59ce,3024,5,"GroupKFold(n_splits=5, weight=scored_rows)"
aff4e561,6026,5,"GroupKFold(n_splits=5, weight=scored_rows)"
b04b58a3,3402,1,"GroupKFold(n_splits=5, weight=scored_rows)"
b0d42b0d,4971,1,"GroupKFold(n_splits=5, weight=scored_rows)"
b0f53bf4,2755,4,"GroupKFold(n_splits=5, weight=scored_rows)"
b19b0395,5813,1,"GroupKFold(n_splits=5, weight=scored_rows)"
b1efb8a4,5998,4,"GroupKFold(n_splits=5, weight=scored_rows)"
b32902c0,3808,5,"GroupKFold(n_splits=5, weight=scored_rows)"
b32e4903,5770,3,"GroupKFold(n_splits=5, weight=scored_rows)"
b3388334,6080,4,"GroupKFold(n_splits=5, weight=scored_rows)"
b37fd114,8161,4,"GroupKFold(n_splits=5, weight=scored_rows)"
b38e3116,6211,2,"GroupKFold(n_splits=5, weight=scored_rows)"
b4d8dd4f,4259,1,"GroupKFold(n_splits=5, weight=scored_rows)"
b4f37e6e,2992,2,"GroupKFold(n_splits=5, weight=scored_rows)"
b56bc0aa,5602,1,"GroupKFold(n_splits=5, weight=scored_rows)"
b585b4fa,4294,1,"GroupKFold(n_splits=5, weight=scored_rows)"
b5aa9634,7326,5,"GroupKFold(n_splits=5, weight=scored_rows)"
b7974e66,5558,4,"GroupKFold(n_splits=5, weight=scored_rows)"
b7cdcecb,6168,1,"GroupKFold(n_splits=5, weight=scored_rows)"
b7fea9ef,3866,4,"GroupKFold(n_splits=5, weight=scored_rows)"
b85f7b06,3803,1,"GroupKFold(n_splits=5, weight=scored_rows)"
b881d27e,4009,3,"GroupKFold(n_splits=5, weight=scored_rows)"
b8c49c1a,4319,3,"GroupKFold(n_splits=5, weight=scored_rows)"
b95e7121,6306,4,"GroupKFold(n_splits=5, weight=scored_rows)"
b977be4a,5917,5,"GroupKFold(n_splits=5, weight=scored_rows)"
ba48188d,4166,5,"GroupKFold(n_splits=5, weight=scored_rows)"
bb2cdd83,3825,5,"GroupKFold(n_splits=5, weight=scored_rows)"
bb337fa0,6873,2,"GroupKFold(n_splits=5, weight=scored_rows)"
bb682ebd,4139,2,"GroupKFold(n_splits=5, weight=scored_rows)"
bc4381e2,4955,1,"GroupKFold(n_splits=5, weight=scored_rows)"
bcebcc5f,6258,4,"GroupKFold(n_splits=5, weight=scored_rows)"
bd2c2f34,9823,5,"GroupKFold(n_splits=5, weight=scored_rows)"
bd4ae5da,5006,4,"GroupKFold(n_splits=5, weight=scored_rows)"
bd6f0e19,5140,2,"GroupKFold(n_splits=5, weight=scored_rows)"
bd8f847e,4961,3,"GroupKFold(n_splits=5, weight=scored_rows)"
be063506,4500,4,"GroupKFold(n_splits=5, weight=scored_rows)"
be35c8f2,4226,4,"GroupKFold(n_splits=5, weight=scored_rows)"
be83e781,3221,1,"GroupKFold(n_splits=5, weight=scored_rows)"
beda8696,5912,4,"GroupKFold(n_splits=5, weight=scored_rows)"
bf39bc20,3303,2,"GroupKFold(n_splits=5, weight=scored_rows)"
bf70b410,6347,5,"GroupKFold(n_splits=5, weight=scored_rows)"
bffe3082,5723,2,"GroupKFold(n_splits=5, weight=scored_rows)"
c03b9305,4255,3,"GroupKFold(n_splits=5, weight=scored_rows)"
c03d4aed,4641,1,"GroupKFold(n_splits=5, weight=scored_rows)"
c03fba65,3699,1,"GroupKFold(n_splits=5, weight=scored_rows)"
c07fd0cd,4191,1,"GroupKFold(n_splits=5, weight=scored_rows)"
c1708b88,6315,1,"GroupKFold(n_splits=5, weight=scored_rows)"
c1d046f4,5513,4,"GroupKFold(n_splits=5, weight=scored_rows)"
c2717d4f,4721,5,"GroupKFold(n_splits=5, weight=scored_rows)"
c2c4db09,6039,2,"GroupKFold(n_splits=5, weight=scored_rows)"
c2c6fc71,7119,3,"GroupKFold(n_splits=5, weight=scored_rows)"
c36625df,4742,4,"GroupKFold(n_splits=5, weight=scored_rows)"
c3957531,5316,4,"GroupKFold(n_splits=5, weight=scored_rows)"
c42fe306,5095,4,"GroupKFold(n_splits=5, weight=scored_rows)"
c43812e2,5527,5,"GroupKFold(n_splits=5, weight=scored_rows)"
c472c0b5,3054,2,"GroupKFold(n_splits=5, weight=scored_rows)"
c47e0767,4356,1,"GroupKFold(n_splits=5, weight=scored_rows)"
c50b42f6,6014,2,"GroupKFold(n_splits=5, weight=scored_rows)"
c593337f,5208,4,"GroupKFold(n_splits=5, weight=scored_rows)"
c59b6c4a,5499,4,"GroupKFold(n_splits=5, weight=scored_rows)"
c66be2b8,4154,3,"GroupKFold(n_splits=5, weight=scored_rows)"
c6797dd7,4664,3,"GroupKFold(n_splits=5, weight=scored_rows)"
c6b782a4,4877,1,"GroupKFold(n_splits=5, weight=scored_rows)"
c6c96179,4004,4,"GroupKFold(n_splits=5, weight=scored_rows)"
c70c0e01,4312,1,"GroupKFold(n_splits=5, weight=scored_rows)"
c84c65be,8496,1,"GroupKFold(n_splits=5, weight=scored_rows)"
c8d9680c,6281,1,"GroupKFold(n_splits=5, weight=scored_rows)"
c908edd0,5293,4,"GroupKFold(n_splits=5, weight=scored_rows)"
c9578d27,4487,3,"GroupKFold(n_splits=5, weight=scored_rows)"
c96c018a,6236,1,"GroupKFold(n_splits=5, weight=scored_rows)"
c99f9fae,6361,3,"GroupKFold(n_splits=5, weight=scored_rows)"
c9e6734f,4735,4,"GroupKFold(n_splits=5, weight=scored_rows)"
c9e980e8,4359,1,"GroupKFold(n_splits=5, weight=scored_rows)"
c9fedcf3,3517,2,"GroupKFold(n_splits=5, weight=scored_rows)"
cad13e8f,4848,1,"GroupKFold(n_splits=5, weight=scored_rows)"
cb34231f,5609,4,"GroupKFold(n_splits=5, weight=scored_rows)"
cb879f40,6315,3,"GroupKFold(n_splits=5, weight=scored_rows)"
cbb406b5,6328,2,"GroupKFold(n_splits=5, weight=scored_rows)"
cbe51de1,3963,3,"GroupKFold(n_splits=5, weight=scored_rows)"
cbe62450,6258,2,"GroupKFold(n_splits=5, weight=scored_rows)"
cc08aa63,3274,1,"GroupKFold(n_splits=5, weight=scored_rows)"
cc8a1d57,6638,5,"GroupKFold(n_splits=5, weight=scored_rows)"
ccedb12b,4401,1,"GroupKFold(n_splits=5, weight=scored_rows)"
cd7f1687,4232,3,"GroupKFold(n_splits=5, weight=scored_rows)"
cda7eb37,5973,5,"GroupKFold(n_splits=5, weight=scored_rows)"
cdc31d65,4840,5,"GroupKFold(n_splits=5, weight=scored_rows)"
cdc60a53,5878,5,"GroupKFold(n_splits=5, weight=scored_rows)"
ce55ba43,4104,5,"GroupKFold(n_splits=5, weight=scored_rows)"
ce8399b7,1615,1,"GroupKFold(n_splits=5, weight=scored_rows)"
cf50c9d1,4858,4,"GroupKFold(n_splits=5, weight=scored_rows)"
d00e7eb9,5704,2,"GroupKFold(n_splits=5, weight=scored_rows)"
d011f41b,2267,3,"GroupKFold(n_splits=5, weight=scored_rows)"
d07aed8f,2957,2,"GroupKFold(n_splits=5, weight=scored_rows)"
d085e611,6191,5,"GroupKFold(n_splits=5, weight=scored_rows)"
d0a0e7b5,3816,3,"GroupKFold(n_splits=5, weight=scored_rows)"
d0a43760,4041,5,"GroupKFold(n_splits=5, weight=scored_rows)"
d0cb63ae,5223,5,"GroupKFold(n_splits=5, weight=scored_rows)"
d114d9c2,6206,1,"GroupKFold(n_splits=5, weight=scored_rows)"
d1457cc5,6920,5,"GroupKFold(n_splits=5, weight=scored_rows)"
d1ecf309,6168,3,"GroupKFold(n_splits=5, weight=scored_rows)"
d1ee630d,6290,1,"GroupKFold(n_splits=5, weight=scored_rows)"
d217e0c5,3838,4,"GroupKFold(n_splits=5, weight=scored_rows)"
d24ff243,5641,1,"GroupKFold(n_splits=5, weight=scored_rows)"
d273674e,3899,5,"GroupKFold(n_splits=5, weight=scored_rows)"
d2f3b1ab,5581,2,"GroupKFold(n_splits=5, weight=scored_rows)"
d3df146b,5787,5,"GroupKFold(n_splits=5, weight=scored_rows)"
d40f61d5,4039,2,"GroupKFold(n_splits=5, weight=scored_rows)"
d41beaf2,4753,1,"GroupKFold(n_splits=5, weight=scored_rows)"
d463e527,4767,1,"GroupKFold(n_splits=5, weight=scored_rows)"
d4f60a28,4501,5,"GroupKFold(n_splits=5, weight=scored_rows)"
d50c649a,4873,3,"GroupKFold(n_splits=5, weight=scored_rows)"
d543916f,4799,3,"GroupKFold(n_splits=5, weight=scored_rows)"
d5df0ff5,4032,4,"GroupKFold(n_splits=5, weight=scored_rows)"
d60430e6,2511,1,"GroupKFold(n_splits=5, weight=scored_rows)"
d63196fe,4510,2,"GroupKFold(n_splits=5, weight=scored_rows)"
d6c320d9,5452,2,"GroupKFold(n_splits=5, weight=scored_rows)"
d6dd7330,6193,5,"GroupKFold(n_splits=5, weight=scored_rows)"
d7ba4f9d,6023,5,"GroupKFold(n_splits=5, weight=scored_rows)"
d7eb0be8,5401,4,"GroupKFold(n_splits=5, weight=scored_rows)"
d84b621b,3994,2,"GroupKFold(n_splits=5, weight=scored_rows)"
d90aa14c,10018,2,"GroupKFold(n_splits=5, weight=scored_rows)"
d924e971,3184,1,"GroupKFold(n_splits=5, weight=scored_rows)"
d9ae59b2,3648,4,"GroupKFold(n_splits=5, weight=scored_rows)"
d9d6d94d,4919,4,"GroupKFold(n_splits=5, weight=scored_rows)"
d9eca87b,6373,1,"GroupKFold(n_splits=5, weight=scored_rows)"
da2d4d7c,2114,5,"GroupKFold(n_splits=5, weight=scored_rows)"
da3bfe4e,5549,5,"GroupKFold(n_splits=5, weight=scored_rows)"
da3cf798,5844,3,"GroupKFold(n_splits=5, weight=scored_rows)"
da940160,5132,1,"GroupKFold(n_splits=5, weight=scored_rows)"
dafc88c3,5572,5,"GroupKFold(n_splits=5, weight=scored_rows)"
dbee6c86,7369,4,"GroupKFold(n_splits=5, weight=scored_rows)"
dc5fbe29,5203,1,"GroupKFold(n_splits=5, weight=scored_rows)"
dc7da28f,4774,3,"GroupKFold(n_splits=5, weight=scored_rows)"
dc7f9757,4360,4,"GroupKFold(n_splits=5, weight=scored_rows)"
dd168de0,3304,1,"GroupKFold(n_splits=5, weight=scored_rows)"
dd64382d,3124,5,"GroupKFold(n_splits=5, weight=scored_rows)"
dd6bc5b2,3602,5,"GroupKFold(n_splits=5, weight=scored_rows)"
dd7d638e,4301,3,"GroupKFold(n_splits=5, weight=scored_rows)"
ddc790ff,4726,1,"GroupKFold(n_splits=5, weight=scored_rows)"
df71d1ff,6228,3,"GroupKFold(n_splits=5, weight=scored_rows)"
df73b8f3,5311,1,"GroupKFold(n_splits=5, weight=scored_rows)"
df8290be,3972,4,"GroupKFold(n_splits=5, weight=scored_rows)"
e0079ed1,3471,4,"GroupKFold(n_splits=5, weight=scored_rows)"
e03b45fd,5342,5,"GroupKFold(n_splits=5, weight=scored_rows)"
e0f36d98,4976,1,"GroupKFold(n_splits=5, weight=scored_rows)"
e149204f,6097,5,"GroupKFold(n_splits=5, weight=scored_rows)"
e14d641e,3184,4,"GroupKFold(n_splits=5, weight=scored_rows)"
e161bd0c,2949,4,"GroupKFold(n_splits=5, weight=scored_rows)"
e201fd6d,5070,1,"GroupKFold(n_splits=5, weight=scored_rows)"
e25f1537,3177,3,"GroupKFold(n_splits=5, weight=scored_rows)"
e2fc7745,3692,5,"GroupKFold(n_splits=5, weight=scored_rows)"
e32da4ec,4689,1,"GroupKFold(n_splits=5, weight=scored_rows)"
e3b34f5b,5455,5,"GroupKFold(n_splits=5, weight=scored_rows)"
e45a2a62,5007,5,"GroupKFold(n_splits=5, weight=scored_rows)"
e46f4ef4,7195,1,"GroupKFold(n_splits=5, weight=scored_rows)"
e4726608,4733,1,"GroupKFold(n_splits=5, weight=scored_rows)"
e5864244,4469,1,"GroupKFold(n_splits=5, weight=scored_rows)"
e5c92e59,4295,3,"GroupKFold(n_splits=5, weight=scored_rows)"
e5ff9fd2,2354,4,"GroupKFold(n_splits=5, weight=scored_rows)"
e6c55748,4472,5,"GroupKFold(n_splits=5, weight=scored_rows)"
e730c32b,4728,4,"GroupKFold(n_splits=5, weight=scored_rows)"
e737965a,5955,2,"GroupKFold(n_splits=5, weight=scored_rows)"
e748dd88,4812,3,"GroupKFold(n_splits=5, weight=scored_rows)"
e7818f7a,5371,4,"GroupKFold(n_splits=5, weight=scored_rows)"
e7c36e81,3531,5,"GroupKFold(n_splits=5, weight=scored_rows)"
e7d0c1de,4711,3,"GroupKFold(n_splits=5, weight=scored_rows)"
e85074c5,5675,4,"GroupKFold(n_splits=5, weight=scored_rows)"
e97032ad,3530,4,"GroupKFold(n_splits=5, weight=scored_rows)"
e9949a23,4559,4,"GroupKFold(n_splits=5, weight=scored_rows)"
ea0b99b7,9239,2,"GroupKFold(n_splits=5, weight=scored_rows)"
ea3a0e38,10052,1,"GroupKFold(n_splits=5, weight=scored_rows)"
ea41324e,5025,4,"GroupKFold(n_splits=5, weight=scored_rows)"
eabc711b,5348,3,"GroupKFold(n_splits=5, weight=scored_rows)"
eac10e86,6067,3,"GroupKFold(n_splits=5, weight=scored_rows)"
eafb863e,3568,1,"GroupKFold(n_splits=5, weight=scored_rows)"
eb06a4e7,4535,3,"GroupKFold(n_splits=5, weight=scored_rows)"
eb640a35,6037,4,"GroupKFold(n_splits=5, weight=scored_rows)"
eb934281,5971,4,"GroupKFold(n_splits=5, weight=scored_rows)"
eba6605e,4410,4,"GroupKFold(n_splits=5, weight=scored_rows)"
ebe69318,4976,5,"GroupKFold(n_splits=5, weight=scored_rows)"
ec0d597b,4616,3,"GroupKFold(n_splits=5, weight=scored_rows)"
ec13af42,5462,5,"GroupKFold(n_splits=5, weight=scored_rows)"
ecdab904,6147,3,"GroupKFold(n_splits=5, weight=scored_rows)"
ecdaf714,6592,2,"GroupKFold(n_splits=5, weight=scored_rows)"
ed6436d6,2945,3,"GroupKFold(n_splits=5, weight=scored_rows)"
ed6e6e54,6048,2,"GroupKFold(n_splits=5, weight=scored_rows)"
edf885a3,3117,1,"GroupKFold(n_splits=5, weight=scored_rows)"
ee0300f7,4544,5,"GroupKFold(n_splits=5, weight=scored_rows)"
ee288beb,4638,1,"GroupKFold(n_splits=5, weight=scored_rows)"
ee4aecac,5265,3,"GroupKFold(n_splits=5, weight=scored_rows)"
eeda36f5,4797,2,"GroupKFold(n_splits=5, weight=scored_rows)"
eeed308d,3899,1,"GroupKFold(n_splits=5, weight=scored_rows)"
ef04658e,4104,5,"GroupKFold(n_splits=5, weight=scored_rows)"
ef8e3ed0,5224,1,"GroupKFold(n_splits=5, weight=scored_rows)"
efde6ac3,4559,4,"GroupKFold(n_splits=5, weight=scored_rows)"
efe96181,4012,5,"GroupKFold(n_splits=5, weight=scored_rows)"
f0188a48,4170,4,"GroupKFold(n_splits=5, weight=scored_rows)"
f021b650,3739,4,"GroupKFold(n_splits=5, weight=scored_rows)"
f03f10fe,4145,1,"GroupKFold(n_splits=5, weight=scored_rows)"
f053a1b9,4108,2,"GroupKFold(n_splits=5, weight=scored_rows)"
f074d277,2453,1,"GroupKFold(n_splits=5, weight=scored_rows)"
f07d7037,5563,5,"GroupKFold(n_splits=5, weight=scored_rows)"
f08774c3,3900,3,"GroupKFold(n_splits=5, weight=scored_rows)"
f140c2fa,4082,4,"GroupKFold(n_splits=5, weight=scored_rows)"
f16e25e3,4651,2,"GroupKFold(n_splits=5, weight=scored_rows)"
f2d4c8c9,6249,5,"GroupKFold(n_splits=5, weight=scored_rows)"
f321a31c,5141,3,"GroupKFold(n_splits=5, weight=scored_rows)"
f40cd091,5166,2,"GroupKFold(n_splits=5, weight=scored_rows)"
f439a621,2821,5,"GroupKFold(n_splits=5, weight=scored_rows)"
f49fdea3,5391,2,"GroupKFold(n_splits=5, weight=scored_rows)"
f4d12d23,3701,3,"GroupKFold(n_splits=5, weight=scored_rows)"
f56d3ace,5432,5,"GroupKFold(n_splits=5, weight=scored_rows)"
f5859199,5790,5,"GroupKFold(n_splits=5, weight=scored_rows)"
f5d8aab6,4444,3,"GroupKFold(n_splits=5, weight=scored_rows)"
f631da6e,4093,2,"GroupKFold(n_splits=5, weight=scored_rows)"
f6824bb0,5015,2,"GroupKFold(n_splits=5, weight=scored_rows)"
f6bc699b,3752,1,"GroupKFold(n_splits=5, weight=scored_rows)"
f6d009f4,6715,2,"GroupKFold(n_splits=5, weight=scored_rows)"
f72b268f,6404,2,"GroupKFold(n_splits=5, weight=scored_rows)"
f8662c22,5429,2,"GroupKFold(n_splits=5, weight=scored_rows)"
f88ddb26,4990,3,"GroupKFold(n_splits=5, weight=scored_rows)"
f8afa78a,6032,1,"GroupKFold(n_splits=5, weight=scored_rows)"
f8f59188,4807,3,"GroupKFold(n_splits=5, weight=scored_rows)"
f9fc81aa,5598,3,"GroupKFold(n_splits=5, weight=scored_rows)"
fa16d114,5686,5,"GroupKFold(n_splits=5, weight=scored_rows)"
fa31da94,5027,2,"GroupKFold(n_splits=5, weight=scored_rows)"
fa667be2,7296,2,"GroupKFold(n_splits=5, weight=scored_rows)"
fae0c593,4403,2,"GroupKFold(n_splits=5, weight=scored_rows)"
fb03ae90,6431,2,"GroupKFold(n_splits=5, weight=scored_rows)"
fb0904bd,3181,2,"GroupKFold(n_splits=5, weight=scored_rows)"
fb3848a1,5919,2,"GroupKFold(n_splits=5, weight=scored_rows)"
fb73b13a,5640,5,"GroupKFold(n_splits=5, weight=scored_rows)"
fba7683c,407,2,"GroupKFold(n_splits=5, weight=scored_rows)"
fbd68d27,6829,4,"GroupKFold(n_splits=5, weight=scored_rows)"
fc03f21f,4803,1,"GroupKFold(n_splits=5, weight=scored_rows)"
fc0d20b2,3954,3,"GroupKFold(n_splits=5, weight=scored_rows)"
fcfcc902,2791,3,"GroupKFold(n_splits=5, weight=scored_rows)"
fd3b4faa,5022,1,"GroupKFold(n_splits=5, weight=scored_rows)"
fd710aea,4217,1,"GroupKFold(n_splits=5, weight=scored_rows)"
fd8f77fa,5272,5,"GroupKFold(n_splits=5, weight=scored_rows)"
fde20ecf,4667,5,"GroupKFold(n_splits=5, weight=scored_rows)"
fdfd57da,5236,4,"GroupKFold(n_splits=5, weight=scored_rows)"
febb4411,4247,2,"GroupKFold(n_splits=5, weight=scored_rows)"
fef8af96,3826,3,"GroupKFold(n_splits=5, weight=scored_rows)"
ff0aea78,3261,1,"GroupKFold(n_splits=5, weight=scored_rows)"
ff8bb73a,5927,3,"GroupKFold(n_splits=5, weight=scored_rows)"
ffefef30,4570,2,"GroupKFold(n_splits=5, weight=scored_rows)"
